country,continent
Algeria,Africa
Angola,Africa
Benin,Africa
Botswana,Africa
Burkina Faso,Africa
Burundi,Africa
Cameroon,Africa
Cape Verde,Africa
Central African Republic,Africa
Chad,Africa
Comoros,Africa
Djibouti,Africa
Egypt,Africa
Equatorial Guinea,Africa
Eritrea,Africa
Ethiopia,Africa
Gabon,Africa
Gambia,Africa
Ghana,Africa
Guinea,Africa
Guinea-Bissau,Africa
Kenya,Africa
Lesotho,Africa
Liberia,Africa
Libya,Africa
Madagascar,Africa
Malawi,Africa
Mali,Africa
Mauritania,Africa
Mauritius,Africa
Mayotte,Africa
Morocco,Africa
Mozambique,Africa
Namibia,Africa
Niger,Africa
Nigeria,Africa
Rwanda,Africa
Sao Tome and Principe,Africa
Senegal,Africa
Seychelles,Africa
Sierra Leone,Africa
Somalia,Africa
Somaliland,Africa
South Africa,Africa
Sudan,Africa
Swaziland,Africa
Tanzania,Africa
Togo,Africa
Tunisia,Africa
Uganda,Africa
Zambia,Africa
Zimbabwe,Africa
South Sudan,Africa
"Congo, Dem. Rep.",Africa
"Congo, Rep.",Africa
Cote d'Ivoire,Africa
Eritrea and Ethiopia,Africa
Reunion,Africa
St. Helena,Africa
Western Sahara,Africa
Christian,Africa
Antarctica,Antarctica
Afghanistan,Asia
Armenia,Asia
Azerbaijan,Asia
Bahrain,Asia
Bangladesh,Asia
Bhutan,Asia
Brunei,Asia
Cambodia,Asia
China,Asia
Christmas Island,Asia
Cyprus,Asia
Georgia,Asia
India,Asia
Indonesia,Asia
Iran,Asia
Iraq,Asia
Israel,Asia
Japan,Asia
Jordan,Asia
Kazakhstan,Asia
North Korea,Asia
South Korea,Asia
Kuwait,Asia
Kyrgyz Republic,Asia
Lebanon,Asia
Malaysia,Asia
Maldives,Asia
Mongolia,Asia
Myanmar,Asia
Nepal,Asia
Northern Cyprus,Asia
Oman,Asia
Pakistan,Asia
Philippines,Asia
Qatar,Asia
Saudi Arabia,Asia
Singapore,Asia
Sri Lanka,Asia
Syria,Asia
Taiwan,Asia
Tajikistan,Asia
Thailand,Asia
Turkey,Asia
Turkmenistan,Asia
United Arab Emirates,Asia
Uzbekistan,Asia
Vietnam,Asia
Yemen,Asia
Abkhazia,Asia
Akrotiri and Dhekelia,Asia
Cocos Island,Asia
"Hong Kong, China",Asia
"United Korea (former)
",Asia
Lao,Asia
"Macao, China",Asia
Ngorno-Karabakh,Asia
South Ossetia,Asia
Timor-Leste,Asia
West Bank and Gaza,Asia
North Yemen (former),Asia
South Yemen (former),Asia
Coastline,Asia
Chinese Taipei,Asia
Albania,Europe
Andorra,Europe
Austria,Europe
Belarus,Europe
Belgium,Europe
Bosnia and Herzegovina,Europe
Bulgaria,Europe
Croatia,Europe
Czech Republic,Europe
Denmark,Europe
Estonia,Europe
Finland,Europe
France,Europe
Germany,Europe
Gibraltar,Europe
Greece,Europe
Guernsey,Europe
Hungary,Europe
Iceland,Europe
Ireland,Europe
Isle of Man,Europe
Italy,Europe
Jersey,Europe
Latvia,Europe
Liechtenstein,Europe
Lithuania,Europe
Luxembourg,Europe
Malta,Europe
Moldova,Europe
Monaco,Europe
Montenegro,Europe
Netherlands,Europe
Norway,Europe
Poland,Europe
Portugal,Europe
Romania,Europe
Russia,Europe
San Marino,Europe
Serbia,Europe
Slovak Republic,Europe
Slovenia,Europe
Spain,Europe
Svalbard,Europe
Sweden,Europe
Switzerland,Europe
Ukraine,Europe
United Kingdom,Europe
Channel Islands,Europe
Czechoslovakia,Europe
East Germany,Europe
Faeroe Islands,Europe
Holy See,Europe
Kosovo,Europe
"Macedonia, FYR",Europe
Serbia and Montenegro,Europe
Serbia excluding Kosovo,Europe
Transnistria,Europe
USSR,Europe
West Germany,Europe
Yugoslavia,Europe
Åland,Europe
Sark,Europe
Anguilla,North America
Antigua and Barbuda,North America
Aruba,North America
Bahamas,North America
Barbados,North America
Belize,North America
Bermuda,North America
British Virgin Islands,North America
Canada,North America
Cayman Islands,North America
Costa Rica,North America
Cuba,North America
Dominica,North America
Dominican Republic,North America
El Salvador,North America
Greenland,North America
Grenada,North America
Guadeloupe,North America
Guatemala,North America
Haiti,North America
Honduras,North America
Jamaica,North America
Martinique,North America
Mexico,North America
Montserrat,North America
Nicaragua,North America
Panama,North America
Puerto Rico,North America
St. Kitts and Nevis,North America
St. Lucia,North America
St. Martin,North America
Trinidad and Tobago,North America
Turks and Caicos Islands,North America
United States,North America
Curaçao,North America
"Virgin Islands, British",North America
Bonaire,North America
Saba,North America
St. Barthélemy,North America
St. Vincent and the Grenadines,North America
St.-Pierre-et-Miquelon,North America
Virgin Islands (U.S.),North America
Sint Maarten (Dutch part),North America
St. Martin (French part),North America
Hawaiian Trade Zone,North America
Saint Eustatius,North America
Cook Is,Oceania
"Micronesia, Fed. Sts.",Oceania
Pitcairn,Oceania
Wallis et Futuna,Oceania
U.S. Pacific Islands,Oceania
Wake Island,Oceania
American Samoa,Oceania
Australia,Oceania
Fiji,Oceania
French Polynesia,Oceania
Guam,Oceania
Kiribati,Oceania
Marshall Islands,Oceania
Nauru,Oceania
New Caledonia,Oceania
New Zealand,Oceania
Niue,Oceania
Norfolk Island,Oceania
Northern Mariana Islands,Oceania
Palau,Oceania
Papua New Guinea,Oceania
Samoa,Oceania
Solomon Islands,Oceania
Tokelau,Oceania
Tonga,Oceania
Tuvalu,Oceania
Vanuatu,Oceania
Falkland Is (Malvinas),South America
Netherlands Antilles,South America
Argentina,South America
Bolivia,South America
Brazil,South America
Chile,South America
Colombia,South America
Ecuador,South America
French Guiana,South America
Guyana,South America
Paraguay,South America
Peru,South America
Suriname,South America
Uruguay,South America
Venezuela,South America